Name,Class
9336923.1,1
9336923.2,1
9336923.3,1
9336923.4,1
9336923.5,1
9336923.6,1
9336923.7,1
9336923.8,1
9336923.9,1
9336923.10,1
9336923.11,1
9336923.12,1
9336923.13,1
9336923.14,1
9336923.15,1
9336923.16,1
9336923.17,1
9336923.18,1
9336923.19,1
9336923.20,1
9336923,1
9338535.1,1
9338535.2,1
9338535.3,1
9338535.4,1
9338535.5,1
9338535.6,1
9338535.7,1
9338535.8,1
9338535.9,1
9338535.10,1
9338535.11,1
9338535.12,1
9338535.13,1
9338535.14,1
9338535.15,1
9338535.16,1
9338535.17,1
9338535.18,1
9338535.19,1
9338535.20,1
9338535,1
anpage.1,1
anpage.2,1
anpage.3,1
anpage.4,1
anpage.5,1
anpage.6,1
anpage.7,1
anpage.8,1
anpage.9,1
anpage.10,1
anpage.11,1
anpage.12,1
anpage.13,1
anpage.14,1
anpage.15,1
anpage.16,1
anpage.17,1
anpage.18,1
anpage.19,1
anpage.20,1
anpage,1
asamma.1,1
asamma.2,1
asamma.3,1
asamma.4,1
asamma.5,1
asamma.6,1
asamma.7,1
asamma.8,1
asamma.9,1
asamma.10,1
asamma.11,1
asamma.12,1
asamma.13,1
asamma.14,1
asamma.15,1
asamma.16,1
asamma.17,1
asamma.18,1
asamma.19,1
asamma.20,1
asamma,1
asewil.1,1
asewil.2,1
asewil.3,1
asewil.4,1
asewil.5,1
asewil.6,1
asewil.7,1
asewil.8,1
asewil.9,1
asewil.10,1
asewil.11,1
asewil.12,1
asewil.13,1
asewil.14,1
asewil.15,1
asewil.16,1
asewil.17,1
asewil.18,1
asewil.19,1
asewil.20,1
asewil,1
astefa.1,1
astefa.2,1
astefa.3,1
astefa.4,1
astefa.5,1
astefa.6,1
astefa.7,1
astefa.8,1
astefa.9,1
astefa.10,1
astefa.11,1
astefa.12,1
astefa.13,1
astefa.14,1
astefa.15,1
astefa.16,1
astefa.17,1
astefa.18,1
astefa.19,1
astefa.20,1
astefa,1
drbost.1,1
drbost.2,1
drbost.3,1
drbost.4,1
drbost.5,1
drbost.6,1
drbost.7,1
drbost.8,1
drbost.9,1
drbost.10,1
drbost.11,1
drbost.12,1
drbost.13,1
drbost.14,1
drbost.15,1
drbost.16,1
drbost.17,1
drbost.18,1
drbost.19,1
drbost.20,1
drbost,1
ekavaz.1,1
ekavaz.2,1
ekavaz.3,1
ekavaz.4,1
ekavaz.5,1
ekavaz.6,1
ekavaz.7,1
ekavaz.8,1
ekavaz.9,1
ekavaz.10,1
ekavaz.11,1
ekavaz.12,1
ekavaz.13,1
ekavaz.14,1
ekavaz.15,1
ekavaz.16,1
ekavaz.17,1
ekavaz.18,1
ekavaz.19,1
ekavaz.20,1
ekavaz,1
elduns.1,1
elduns.2,1
elduns.3,1
elduns.4,1
elduns.5,1
elduns.6,1
elduns.7,1
elduns.8,1
elduns.9,1
elduns.10,1
elduns.11,1
elduns.12,1
elduns.13,1
elduns.14,1
elduns.15,1
elduns.16,1
elduns.17,1
elduns.18,1
elduns.19,1
elduns.20,1
elduns,1
kaknig.1,1
kaknig.2,1
kaknig.3,1
kaknig.4,1
kaknig.5,1
kaknig.6,1
kaknig.7,1
kaknig.8,1
kaknig.9,1
kaknig.10,1
kaknig.11,1
kaknig.12,1
kaknig.13,1
kaknig.14,1
kaknig.15,1
kaknig.16,1
kaknig.17,1
kaknig.18,1
kaknig.19,1
kaknig.20,1
kaknig,1
klclar.1,1
klclar.2,1
klclar.3,1
klclar.4,1
klclar.5,1
klclar.6,1
klclar.7,1
klclar.8,1
klclar.9,1
klclar.10,1
klclar.11,1
klclar.12,1
klclar.13,1
klclar.14,1
klclar.15,1
klclar.16,1
klclar.17,1
klclar.18,1
klclar.19,1
klclar.20,1
klclar,1
ksunth.1,1
ksunth.2,1
ksunth.3,1
ksunth.4,1
ksunth.5,1
ksunth.6,1
ksunth.7,1
ksunth.8,1
ksunth.9,1
ksunth.10,1
ksunth.11,1
ksunth.12,1
ksunth.13,1
ksunth.14,1
ksunth.15,1
ksunth.16,1
ksunth.17,1
ksunth.18,1
ksunth.19,1
ksunth.20,1
ksunth,1
lfso.1,1
lfso.2,1
lfso.3,1
lfso.4,1
lfso.5,1
lfso.6,1
lfso.7,1
lfso.8,1
lfso.9,1
lfso.10,1
lfso.11,1
lfso.12,1
lfso.13,1
lfso.14,1
lfso.15,1
lfso.16,1
lfso.17,1
lfso.18,1
lfso.19,1
lfso.20,1
lfso,1
mbutle.1,1
mbutle.2,1
mbutle.3,1
mbutle.4,1
mbutle.5,1
mbutle.6,1
mbutle.7,1
mbutle.8,1
mbutle.9,1
mbutle.10,1
mbutle.11,1
mbutle.12,1
mbutle.13,1
mbutle.14,1
mbutle.15,1
mbutle.16,1
mbutle.17,1
mbutle.18,1
mbutle.19,1
mbutle.20,1
mbutle,1
phughe.1,1
phughe.2,1
phughe.3,1
phughe.4,1
phughe.5,1
phughe.6,1
phughe.7,1
phughe.8,1
phughe.9,1
phughe.10,1
phughe.11,1
phughe.12,1
phughe.13,1
phughe.14,1
phughe.15,1
phughe.16,1
phughe.17,1
phughe.18,1
phughe.19,1
phughe.20,1
phughe,1
sbains.1,1
sbains.2,1
sbains.3,1
sbains.4,1
sbains.5,1
sbains.6,1
sbains.7,1
sbains.8,1
sbains.9,1
sbains.10,1
sbains.11,1
sbains.12,1
sbains.13,1
sbains.14,1
sbains.15,1
sbains.16,1
sbains.17,1
sbains.18,1
sbains.19,1
sbains.20,1
sbains,1
slbirc.1,1
slbirc.2,1
slbirc.3,1
slbirc.4,1
slbirc.5,1
slbirc.6,1
slbirc.7,1
slbirc.8,1
slbirc.9,1
slbirc.10,1
slbirc.11,1
slbirc.12,1
slbirc.13,1
slbirc.14,1
slbirc.15,1
slbirc.16,1
slbirc.17,1
slbirc.18,1
slbirc.19,1
slbirc.20,1
slbirc,1
vstros.1,1
vstros.2,1
vstros.3,1
vstros.4,1
vstros.5,1
vstros.6,1
vstros.7,1
vstros.8,1
vstros.9,1
vstros.10,1
vstros.11,1
vstros.12,1
vstros.13,1
vstros.14,1
vstros.15,1
vstros.16,1
vstros.17,1
vstros.18,1
vstros.19,1
vstros.20,1
vstros,1
yfhsie.1,1
yfhsie.2,1
yfhsie.3,1
yfhsie.4,1
yfhsie.5,1
yfhsie.6,1
yfhsie.7,1
yfhsie.8,1
yfhsie.9,1
yfhsie.10,1
yfhsie.11,1
yfhsie.12,1
yfhsie.13,1
yfhsie.14,1
yfhsie.15,1
yfhsie.16,1
yfhsie.17,1
yfhsie.18,1
yfhsie.19,1
yfhsie.20,1
yfhsie,1
9326871.1,0
9326871.2,0
9326871.3,0
9326871.4,0
9326871.5,0
9326871.6,0
9326871.7,0
9326871.8,0
9326871.9,0
9326871.10,0
9326871.11,0
9326871.12,0
9326871.13,0
9326871.14,0
9326871.15,0
9326871.16,0
9326871.17,0
9326871.18,0
9326871.19,0
9326871.20,0
9332898.1,0
9332898.2,0
9332898.3,0
9332898.4,0
9332898.5,0
9332898.6,0
9332898.7,0
9332898.8,0
9332898.9,0
9332898.10,0
9332898.11,0
9332898.12,0
9332898.13,0
9332898.14,0
9332898.15,0
9332898.16,0
9332898.17,0
9332898.18,0
9332898.19,0
9332898.20,0
9338446.1,0
9338446.2,0
9338446.3,0
9338446.4,0
9338446.5,0
9338446.6,0
9338446.7,0
9338446.8,0
9338446.9,0
9338446.10,0
9338446.11,0
9338446.12,0
9338446.13,0
9338446.14,0
9338446.15,0
9338446.16,0
9338446.17,0
9338446.18,0
9338446.19,0
9338446.20,0
9338454.1,0
9338454.2,0
9338454.3,0
9338454.4,0
9338454.5,0
9338454.6,0
9338454.7,0
9338454.8,0
9338454.9,0
9338454.10,0
9338454.11,0
9338454.12,0
9338454.13,0
9338454.14,0
9338454.15,0
9338454.16,0
9338454.17,0
9338454.18,0
9338454.19,0
9338454.20,0
9338462.1,0
9338462.2,0
9338462.3,0
9338462.4,0
9338462.5,0
9338462.6,0
9338462.7,0
9338462.8,0
9338462.9,0
9338462.10,0
9338462.11,0
9338462.12,0
9338462.13,0
9338462.14,0
9338462.15,0
9338462.16,0
9338462.17,0
9338462.18,0
9338462.19,0
9338462.20,0
9338489.1,0
9338489.2,0
9338489.3,0
9338489.4,0
9338489.5,0
9338489.6,0
9338489.7,0
9338489.8,0
9338489.9,0
9338489.10,0
9338489.11,0
9338489.12,0
9338489.13,0
9338489.14,0
9338489.15,0
9338489.16,0
9338489.17,0
9338489.18,0
9338489.19,0
9338489.20,0
9338497.1,0
9338497.2,0
9338497.3,0
9338497.4,0
9338497.5,0
9338497.6,0
9338497.7,0
9338497.8,0
9338497.9,0
9338497.10,0
9338497.11,0
9338497.12,0
9338497.13,0
9338497.14,0
9338497.15,0
9338497.16,0
9338497.17,0
9338497.18,0
9338497.19,0
9338497.20,0
9338519.1,0
9338519.2,0
9338519.3,0
9338519.4,0
9338519.5,0
9338519.6,0
9338519.7,0
9338519.8,0
9338519.9,0
9338519.10,0
9338519.11,0
9338519.12,0
9338519.13,0
9338519.14,0
9338519.15,0
9338519.16,0
9338519.17,0
9338519.18,0
9338519.19,0
9338519.20,0
9338527.1,0
9338527.2,0
9338527.3,0
9338527.4,0
9338527.5,0
9338527.6,0
9338527.7,0
9338527.8,0
9338527.9,0
9338527.10,0
9338527.11,0
9338527.12,0
9338527.13,0
9338527.14,0
9338527.15,0
9338527.16,0
9338527.17,0
9338527.18,0
9338527.19,0
9338527.20,0
9338543.1,0
9338543.2,0
9338543.3,0
9338543.4,0
9338543.5,0
9338543.6,0
9338543.7,0
9338543.8,0
9338543.9,0
9338543.10,0
9338543.11,0
9338543.12,0
9338543.13,0
9338543.14,0
9338543.15,0
9338543.16,0
9338543.17,0
9338543.18,0
9338543.19,0
9338543.20,0
9414649.1,0
9414649.2,0
9414649.3,0
9414649.4,0
9414649.5,0
9414649.6,0
9414649.7,0
9414649.8,0
9414649.9,0
9414649.10,0
9414649.11,0
9414649.12,0
9414649.13,0
9414649.14,0
9414649.15,0
9414649.16,0
9414649.17,0
9414649.18,0
9414649.19,0
9414649.20,0
9416994.1,0
9416994.2,0
9416994.3,0
9416994.4,0
9416994.5,0
9416994.6,0
9416994.7,0
9416994.8,0
9416994.9,0
9416994.10,0
9416994.11,0
9416994.12,0
9416994.13,0
9416994.14,0
9416994.15,0
9416994.16,0
9416994.17,0
9416994.18,0
9416994.19,0
9416994.20,0
admars.1,0
admars.2,0
admars.3,0
admars.4,0
admars.5,0
admars.6,0
admars.7,0
admars.8,0
admars.9,0
admars.10,0
admars.11,0
admars.12,0
admars.13,0
admars.14,0
admars.15,0
admars.16,0
admars.17,0
admars.18,0
admars.19,0
admars.20,0
ahodki.1,0
ahodki.2,0
ahodki.3,0
ahodki.4,0
ahodki.5,0
ahodki.6,0
ahodki.7,0
ahodki.8,0
ahodki.9,0
ahodki.10,0
ahodki.11,0
ahodki.12,0
ahodki.13,0
ahodki.14,0
ahodki.15,0
ahodki.16,0
ahodki.17,0
ahodki.18,0
ahodki.19,0
ahodki.20,0
ajflem.1,0
ajflem.2,0
ajflem.3,0
ajflem.4,0
ajflem.5,0
ajflem.6,0
ajflem.7,0
ajflem.8,0
ajflem.9,0
ajflem.10,0
ajflem.11,0
ajflem.12,0
ajflem.13,0
ajflem.14,0
ajflem.15,0
ajflem.16,0
ajflem.17,0
ajflem.18,0
ajflem.19,0
ajflem.20,0
ajones.1,0
ajones.2,0
ajones.3,0
ajones.4,0
ajones.5,0
ajones.6,0
ajones.7,0
ajones.8,0
ajones.9,0
ajones.10,0
ajones.11,0
ajones.12,0
ajones.13,0
ajones.14,0
ajones.15,0
ajones.16,0
ajones.17,0
ajones.18,0
ajones.19,0
ajones.20,0
ajsega.1,0
ajsega.2,0
ajsega.3,0
ajsega.4,0
ajsega.5,0
ajsega.6,0
ajsega.7,0
ajsega.8,0
ajsega.9,0
ajsega.10,0
ajsega.11,0
ajsega.12,0
ajsega.13,0
ajsega.14,0
ajsega.15,0
ajsega.16,0
ajsega.17,0
ajsega.18,0
ajsega.19,0
ajsega.20,0
akatsi.1,0
akatsi.2,0
akatsi.3,0
akatsi.4,0
akatsi.5,0
akatsi.6,0
akatsi.7,0
akatsi.8,0
akatsi.9,0
akatsi.10,0
akatsi.11,0
akatsi.12,0
akatsi.13,0
akatsi.14,0
akatsi.15,0
akatsi.16,0
akatsi.17,0
akatsi.18,0
akatsi.19,0
akatsi.20,0
ambarw.1,0
ambarw.2,0
ambarw.3,0
ambarw.4,0
ambarw.5,0
ambarw.6,0
ambarw.7,0
ambarw.8,0
ambarw.9,0
ambarw.10,0
ambarw.11,0
ambarw.12,0
ambarw.13,0
ambarw.14,0
ambarw.15,0
ambarw.16,0
ambarw.17,0
ambarw.18,0
ambarw.19,0
ambarw.20,0
anonym1.1,0
anonym1.2,0
anonym1.3,0
anonym1.4,0
anonym1.5,0
anonym1.6,0
anonym1.7,0
anonym1.8,0
anonym1.9,0
anonym1.10,0
anonym1.11,0
anonym1.12,0
anonym1.13,0
anonym1.14,0
anonym1.15,0
anonym1.16,0
anonym1.17,0
anonym1.18,0
anonym1.19,0
anonym1.20,0
anonym2.1,0
anonym2.2,0
anonym2.3,0
anonym2.4,0
anonym2.5,0
anonym2.6,0
anonym2.7,0
anonym2.8,0
anonym2.9,0
anonym2.10,0
anonym2.11,0
anonym2.12,0
anonym2.13,0
anonym2.14,0
anonym2.15,0
anonym2.16,0
anonym2.17,0
anonym2.18,0
anonym2.19,0
anonym2.20,0
anonym.1,0
anonym.2,0
anonym.3,0
anonym.4,0
anonym.5,0
anonym.6,0
anonym.7,0
anonym.8,0
anonym.9,0
anonym.10,0
anonym.11,0
anonym.12,0
anonym.13,0
anonym.14,0
anonym.15,0
anonym.16,0
anonym.17,0
anonym.18,0
anonym.19,0
anonym.20,0
asheal.1,0
asheal.2,0
asheal.3,0
asheal.4,0
asheal.5,0
asheal.6,0
asheal.7,0
asheal.8,0
asheal.9,0
asheal.10,0
asheal.11,0
asheal.12,0
asheal.13,0
asheal.14,0
asheal.15,0
asheal.16,0
asheal.17,0
asheal.18,0
asheal.19,0
asheal.20,0
bplyce.1,0
bplyce.2,0
bplyce.3,0
bplyce.4,0
bplyce.5,0
bplyce.6,0
bplyce.7,0
bplyce.8,0
bplyce.9,0
bplyce.10,0
bplyce.11,0
bplyce.12,0
bplyce.13,0
bplyce.14,0
bplyce.15,0
bplyce.16,0
bplyce.17,0
bplyce.18,0
bplyce.19,0
bplyce.20,0
cchris.1,0
cchris.2,0
cchris.3,0
cchris.4,0
cchris.5,0
cchris.6,0
cchris.7,0
cchris.8,0
cchris.9,0
cchris.10,0
cchris.11,0
cchris.12,0
cchris.13,0
cchris.14,0
cchris.15,0
cchris.16,0
cchris.17,0
cchris.18,0
cchris.19,0
cchris.20,0
ccjame.1,0
ccjame.2,0
ccjame.3,0
ccjame.4,0
ccjame.5,0
ccjame.6,0
ccjame.7,0
ccjame.8,0
ccjame.9,0
ccjame.10,0
ccjame.11,0
ccjame.12,0
ccjame.13,0
ccjame.14,0
ccjame.15,0
ccjame.16,0
ccjame.17,0
ccjame.18,0
ccjame.19,0
ccjame.20,0
cferdo.1,0
cferdo.2,0
cferdo.3,0
cferdo.4,0
cferdo.5,0
cferdo.6,0
cferdo.7,0
cferdo.8,0
cferdo.9,0
cferdo.10,0
cferdo.11,0
cferdo.12,0
cferdo.13,0
cferdo.14,0
cferdo.15,0
cferdo.16,0
cferdo.17,0
cferdo.18,0
cferdo.19,0
cferdo.20,0
cgboyc.1,0
cgboyc.2,0
cgboyc.3,0
cgboyc.4,0
cgboyc.5,0
cgboyc.6,0
cgboyc.7,0
cgboyc.8,0
cgboyc.9,0
cgboyc.10,0
cgboyc.11,0
cgboyc.12,0
cgboyc.13,0
cgboyc.14,0
cgboyc.15,0
cgboyc.16,0
cgboyc.17,0
cgboyc.18,0
cgboyc.19,0
cgboyc.20,0
cjcarr.1,0
cjcarr.2,0
cjcarr.3,0
cjcarr.4,0
cjcarr.5,0
cjcarr.6,0
cjcarr.7,0
cjcarr.8,0
cjcarr.9,0
cjcarr.10,0
cjcarr.11,0
cjcarr.12,0
cjcarr.13,0
cjcarr.14,0
cjcarr.15,0
cjcarr.16,0
cjcarr.17,0
cjcarr.18,0
cjcarr.19,0
cjcarr.20,0
cjdenn.1,0
cjdenn.2,0
cjdenn.3,0
cjdenn.4,0
cjdenn.5,0
cjdenn.6,0
cjdenn.7,0
cjdenn.8,0
cjdenn.9,0
cjdenn.10,0
cjdenn.11,0
cjdenn.12,0
cjdenn.13,0
cjdenn.14,0
cjdenn.15,0
cjdenn.16,0
cjdenn.17,0
cjdenn.18,0
cjdenn.19,0
cjdenn.20,0
cjsake.1,0
cjsake.2,0
cjsake.3,0
cjsake.4,0
cjsake.5,0
cjsake.6,0
cjsake.7,0
cjsake.8,0
cjsake.9,0
cjsake.10,0
cjsake.11,0
cjsake.12,0
cjsake.13,0
cjsake.14,0
cjsake.15,0
cjsake.16,0
cjsake.17,0
cjsake.18,0
cjsake.19,0
cjsake.20,0
cmkirk.1,0
cmkirk.2,0
cmkirk.3,0
cmkirk.4,0
cmkirk.5,0
cmkirk.6,0
cmkirk.7,0
cmkirk.8,0
cmkirk.9,0
cmkirk.10,0
cmkirk.11,0
cmkirk.12,0
cmkirk.13,0
cmkirk.14,0
cmkirk.15,0
cmkirk.16,0
cmkirk.17,0
cmkirk.18,0
cmkirk.19,0
cmkirk.20,0
csanch.1,0
csanch.2,0
csanch.3,0
csanch.4,0
csanch.5,0
csanch.6,0
csanch.7,0
csanch.8,0
csanch.9,0
csanch.10,0
csanch.11,0
csanch.12,0
csanch.13,0
csanch.14,0
csanch.15,0
csanch.16,0
csanch.17,0
csanch.18,0
csanch.19,0
csanch.20,0
cshubb.1,0
cshubb.2,0
cshubb.3,0
cshubb.4,0
cshubb.5,0
cshubb.6,0
cshubb.7,0
cshubb.8,0
cshubb.9,0
cshubb.10,0
cshubb.11,0
cshubb.12,0
cshubb.13,0
cshubb.14,0
cshubb.15,0
cshubb.16,0
cshubb.17,0
cshubb.18,0
cshubb.19,0
cshubb.20,0
cwang.1,0
cwang.2,0
cwang.3,0
cwang.4,0
cwang.5,0
cwang.6,0
cwang.7,0
cwang.8,0
cwang.9,0
cwang.10,0
cwang.11,0
cwang.12,0
cwang.13,0
cwang.14,0
cwang.15,0
cwang.16,0
cwang.17,0
cwang.18,0
cwang.19,0
cwang.20,0
cwchoi.1,0
cwchoi.2,0
cwchoi.3,0
cwchoi.4,0
cwchoi.5,0
cwchoi.6,0
cwchoi.7,0
cwchoi.8,0
cwchoi.9,0
cwchoi.10,0
cwchoi.11,0
cwchoi.12,0
cwchoi.13,0
cwchoi.14,0
cwchoi.15,0
cwchoi.16,0
cwchoi.17,0
cwchoi.18,0
cwchoi.19,0
cwchoi.20,0
dagran.1,0
dagran.2,0
dagran.3,0
dagran.4,0
dagran.5,0
dagran.6,0
dagran.7,0
dagran.8,0
dagran.9,0
dagran.10,0
dagran.11,0
dagran.12,0
dagran.13,0
dagran.14,0
dagran.15,0
dagran.16,0
dagran.17,0
dagran.18,0
dagran.19,0
dagran.20,0
dakram.1,0
dakram.2,0
dakram.3,0
dakram.4,0
dakram.5,0
dakram.6,0
dakram.7,0
dakram.8,0
dakram.9,0
dakram.10,0
dakram.11,0
dakram.12,0
dakram.13,0
dakram.14,0
dakram.15,0
dakram.16,0
dakram.17,0
dakram.18,0
dakram.19,0
dakram.20,0
dcbowe.1,0
dcbowe.2,0
dcbowe.3,0
dcbowe.4,0
dcbowe.5,0
dcbowe.6,0
dcbowe.7,0
dcbowe.8,0
dcbowe.9,0
dcbowe.10,0
dcbowe.11,0
dcbowe.12,0
dcbowe.13,0
dcbowe.14,0
dcbowe.15,0
dcbowe.16,0
dcbowe.17,0
dcbowe.18,0
dcbowe.19,0
dcbowe.20,0
dioann.1,0
dioann.2,0
dioann.3,0
dioann.4,0
dioann.5,0
dioann.6,0
dioann.7,0
dioann.8,0
dioann.9,0
dioann.10,0
dioann.11,0
dioann.12,0
dioann.13,0
dioann.14,0
dioann.15,0
dioann.16,0
dioann.17,0
dioann.18,0
dioann.19,0
dioann.20,0
djbirc.1,0
djbirc.2,0
djbirc.3,0
djbirc.4,0
djbirc.5,0
djbirc.6,0
djbirc.7,0
djbirc.8,0
djbirc.9,0
djbirc.10,0
djbirc.11,0
djbirc.12,0
djbirc.13,0
djbirc.14,0
djbirc.15,0
djbirc.16,0
djbirc.17,0
djbirc.18,0
djbirc.19,0
djbirc.20,0
djhugh.1,0
djhugh.2,0
djhugh.3,0
djhugh.4,0
djhugh.5,0
djhugh.6,0
djhugh.7,0
djhugh.8,0
djhugh.9,0
djhugh.10,0
djhugh.11,0
djhugh.12,0
djhugh.13,0
djhugh.14,0
djhugh.15,0
djhugh.16,0
djhugh.17,0
djhugh.18,0
djhugh.19,0
djhugh.20,0
djmart.1,0
djmart.2,0
djmart.3,0
djmart.4,0
djmart.5,0
djmart.6,0
djmart.7,0
djmart.8,0
djmart.9,0
djmart.10,0
djmart.11,0
djmart.12,0
djmart.13,0
djmart.14,0
djmart.15,0
djmart.16,0
djmart.17,0
djmart.18,0
djmart.19,0
djmart.20,0
dmwest.1,0
dmwest.2,0
dmwest.3,0
dmwest.4,0
dmwest.5,0
dmwest.6,0
dmwest.7,0
dmwest.8,0
dmwest.9,0
dmwest.10,0
dmwest.11,0
dmwest.12,0
dmwest.13,0
dmwest.14,0
dmwest.15,0
dmwest.16,0
dmwest.17,0
dmwest.18,0
dmwest.19,0
dmwest.20,0
doraj.1,0
doraj.2,0
doraj.3,0
doraj.4,0
doraj.5,0
doraj.6,0
doraj.7,0
doraj.8,0
doraj.9,0
doraj.10,0
doraj.11,0
doraj.12,0
doraj.13,0
doraj.14,0
doraj.15,0
doraj.16,0
doraj.17,0
doraj.18,0
doraj.19,0
doraj.20,0
fordj.1,0
fordj.2,0
fordj.3,0
fordj.4,0
fordj.5,0
fordj.6,0
fordj.7,0
fordj.8,0
fordj.9,0
fordj.10,0
fordj.11,0
fordj.12,0
fordj.13,0
fordj.14,0
fordj.15,0
fordj.16,0
fordj.17,0
fordj.18,0
fordj.19,0
fordj.20,0
gdhatc.1,0
gdhatc.2,0
gdhatc.3,0
gdhatc.4,0
gdhatc.5,0
gdhatc.6,0
gdhatc.7,0
gdhatc.8,0
gdhatc.9,0
gdhatc.10,0
gdhatc.11,0
gdhatc.12,0
gdhatc.13,0
gdhatc.14,0
gdhatc.15,0
gdhatc.16,0
gdhatc.17,0
gdhatc.18,0
gdhatc.19,0
gdhatc.20,0
ggeorg.1,0
ggeorg.2,0
ggeorg.3,0
ggeorg.4,0
ggeorg.5,0
ggeorg.6,0
ggeorg.7,0
ggeorg.8,0
ggeorg.9,0
ggeorg.10,0
ggeorg.11,0
ggeorg.12,0
ggeorg.13,0
ggeorg.14,0
ggeorg.15,0
ggeorg.16,0
ggeorg.17,0
ggeorg.18,0
ggeorg.19,0
ggeorg.20,0
ggrego.1,0
ggrego.2,0
ggrego.3,0
ggrego.4,0
ggrego.5,0
ggrego.6,0
ggrego.7,0
ggrego.8,0
ggrego.9,0
ggrego.10,0
ggrego.11,0
ggrego.12,0
ggrego.13,0
ggrego.14,0
ggrego.15,0
ggrego.16,0
ggrego.17,0
ggrego.18,0
ggrego.19,0
ggrego.20,0
gjhero.1,0
gjhero.2,0
gjhero.3,0
gjhero.4,0
gjhero.5,0
gjhero.6,0
gjhero.7,0
gjhero.8,0
gjhero.9,0
gjhero.10,0
gjhero.11,0
gjhero.12,0
gjhero.13,0
gjhero.14,0
gjhero.15,0
gjhero.16,0
gjhero.17,0
gjhero.18,0
gjhero.19,0
gjhero.20,0
gjnorm.1,0
gjnorm.2,0
gjnorm.3,0
gjnorm.4,0
gjnorm.5,0
gjnorm.6,0
gjnorm.7,0
gjnorm.8,0
gjnorm.9,0
gjnorm.10,0
gjnorm.11,0
gjnorm.12,0
gjnorm.13,0
gjnorm.14,0
gjnorm.15,0
gjnorm.16,0
gjnorm.17,0
gjnorm.18,0
gjnorm.19,0
gjnorm.20,0
gmwate.1,0
gmwate.2,0
gmwate.3,0
gmwate.4,0
gmwate.5,0
gmwate.6,0
gmwate.7,0
gmwate.8,0
gmwate.9,0
gmwate.10,0
gmwate.11,0
gmwate.12,0
gmwate.13,0
gmwate.14,0
gmwate.15,0
gmwate.16,0
gmwate.17,0
gmwate.18,0
gmwate.19,0
gmwate.20,0
gpapaz.1,0
gpapaz.2,0
gpapaz.3,0
gpapaz.4,0
gpapaz.5,0
gpapaz.6,0
gpapaz.7,0
gpapaz.8,0
gpapaz.9,0
gpapaz.10,0
gpapaz.11,0
gpapaz.12,0
gpapaz.13,0
gpapaz.14,0
gpapaz.15,0
gpapaz.16,0
gpapaz.17,0
gpapaz.18,0
gpapaz.19,0
gpapaz.20,0
gpsmit.1,0
gpsmit.2,0
gpsmit.3,0
gpsmit.4,0
gpsmit.5,0
gpsmit.6,0
gpsmit.7,0
gpsmit.8,0
gpsmit.9,0
gpsmit.10,0
gpsmit.11,0
gpsmit.12,0
gpsmit.13,0
gpsmit.14,0
gpsmit.15,0
gpsmit.16,0
gpsmit.17,0
gpsmit.18,0
gpsmit.19,0
gpsmit.20,0
gsreas.1,0
gsreas.2,0
gsreas.3,0
gsreas.4,0
gsreas.5,0
gsreas.6,0
gsreas.7,0
gsreas.8,0
gsreas.9,0
gsreas.10,0
gsreas.11,0
gsreas.12,0
gsreas.13,0
gsreas.14,0
gsreas.15,0
gsreas.16,0
gsreas.17,0
gsreas.18,0
gsreas.19,0
gsreas.20,0
hartb.1,0
hartb.2,0
hartb.3,0
hartb.4,0
hartb.5,0
hartb.6,0
hartb.7,0
hartb.8,0
hartb.9,0
hartb.10,0
hartb.11,0
hartb.12,0
hartb.13,0
hartb.14,0
hartb.15,0
hartb.16,0
hartb.17,0
hartb.18,0
hartb.19,0
hartb.20,0
hensm.1,0
hensm.2,0
hensm.3,0
hensm.4,0
hensm.5,0
hensm.6,0
hensm.7,0
hensm.8,0
hensm.9,0
hensm.10,0
hensm.11,0
hensm.12,0
hensm.13,0
hensm.14,0
hensm.15,0
hensm.16,0
hensm.17,0
hensm.18,0
hensm.19,0
hensm.20,0
ieorf.1,0
ieorf.2,0
ieorf.3,0
ieorf.4,0
ieorf.5,0
ieorf.6,0
ieorf.7,0
ieorf.8,0
ieorf.9,0
ieorf.10,0
ieorf.11,0
ieorf.12,0
ieorf.13,0
ieorf.14,0
ieorf.15,0
ieorf.16,0
ieorf.17,0
ieorf.18,0
ieorf.19,0
ieorf.20,0
irdrew.1,0
irdrew.2,0
irdrew.3,0
irdrew.4,0
irdrew.5,0
irdrew.6,0
irdrew.7,0
irdrew.8,0
irdrew.9,0
irdrew.10,0
irdrew.11,0
irdrew.12,0
irdrew.13,0
irdrew.14,0
irdrew.15,0
irdrew.16,0
irdrew.17,0
irdrew.18,0
irdrew.19,0
irdrew.20,0
jabins.1,0
jabins.2,0
jabins.3,0
jabins.4,0
jabins.5,0
jabins.6,0
jabins.7,0
jabins.8,0
jabins.9,0
jabins.10,0
jabins.11,0
jabins.12,0
jabins.13,0
jabins.14,0
jabins.15,0
jabins.16,0
jabins.17,0
jabins.18,0
jabins.19,0
jabins.20,0
jagrif.1,0
jagrif.2,0
jagrif.3,0
jagrif.4,0
jagrif.5,0
jagrif.6,0
jagrif.7,0
jagrif.8,0
jagrif.9,0
jagrif.10,0
jagrif.11,0
jagrif.12,0
jagrif.13,0
jagrif.14,0
jagrif.15,0
jagrif.16,0
jagrif.17,0
jagrif.18,0
jagrif.19,0
jagrif.20,0
jcarte.1,0
jcarte.2,0
jcarte.3,0
jcarte.4,0
jcarte.5,0
jcarte.6,0
jcarte.7,0
jcarte.8,0
jcarte.9,0
jcarte.10,0
jcarte.11,0
jcarte.12,0
jcarte.13,0
jcarte.14,0
jcarte.15,0
jcarte.16,0
jcarte.17,0
jcarte.18,0
jcarte.19,0
jcarte.20,0
jdbenm.1,0
jdbenm.2,0
jdbenm.3,0
jdbenm.4,0
jdbenm.5,0
jdbenm.6,0
jdbenm.7,0
jdbenm.8,0
jdbenm.9,0
jdbenm.10,0
jdbenm.11,0
jdbenm.12,0
jdbenm.13,0
jdbenm.14,0
jdbenm.15,0
jdbenm.16,0
jdbenm.17,0
jdbenm.18,0
jdbenm.19,0
jdbenm.20,0
jgloma.1,0
jgloma.2,0
jgloma.3,0
jgloma.4,0
jgloma.5,0
jgloma.6,0
jgloma.7,0
jgloma.8,0
jgloma.9,0
jgloma.10,0
jgloma.11,0
jgloma.12,0
jgloma.13,0
jgloma.14,0
jgloma.15,0
jgloma.16,0
jgloma.17,0
jgloma.18,0
jgloma.19,0
jgloma.20,0
jlemon.1,0
jlemon.2,0
jlemon.3,0
jlemon.4,0
jlemon.5,0
jlemon.6,0
jlemon.7,0
jlemon.8,0
jlemon.9,0
jlemon.10,0
jlemon.11,0
jlemon.12,0
jlemon.13,0
jlemon.14,0
jlemon.15,0
jlemon.16,0
jlemon.17,0
jlemon.18,0
jlemon.19,0
jlemon.20,0
jmedin.1,0
jmedin.2,0
jmedin.3,0
jmedin.4,0
jmedin.5,0
jmedin.6,0
jmedin.7,0
jmedin.8,0
jmedin.9,0
jmedin.10,0
jmedin.11,0
jmedin.12,0
jmedin.13,0
jmedin.14,0
jmedin.15,0
jmedin.16,0
jmedin.17,0
jmedin.18,0
jmedin.19,0
jmedin.20,0
jrtobi.1,0
jrtobi.2,0
jrtobi.3,0
jrtobi.4,0
jrtobi.5,0
jrtobi.6,0
jrtobi.7,0
jrtobi.8,0
jrtobi.9,0
jrtobi.10,0
jrtobi.11,0
jrtobi.12,0
jrtobi.13,0
jrtobi.14,0
jrtobi.15,0
jrtobi.16,0
jrtobi.17,0
jrtobi.18,0
jrtobi.19,0
jrtobi.20,0
kaatki.1,0
kaatki.2,0
kaatki.3,0
kaatki.4,0
kaatki.5,0
kaatki.6,0
kaatki.7,0
kaatki.8,0
kaatki.9,0
kaatki.10,0
kaatki.11,0
kaatki.12,0
kaatki.13,0
kaatki.14,0
kaatki.15,0
kaatki.16,0
kaatki.17,0
kaatki.18,0
kaatki.19,0
kaatki.20,0
kdjone.1,0
kdjone.2,0
kdjone.3,0
kdjone.4,0
kdjone.5,0
kdjone.6,0
kdjone.7,0
kdjone.8,0
kdjone.9,0
kdjone.10,0
kdjone.11,0
kdjone.12,0
kdjone.13,0
kdjone.14,0
kdjone.15,0
kdjone.16,0
kdjone.17,0
kdjone.18,0
kdjone.19,0
kdjone.20,0
khchan.1,0
khchan.2,0
khchan.3,0
khchan.4,0
khchan.5,0
khchan.6,0
khchan.7,0
khchan.8,0
khchan.9,0
khchan.10,0
khchan.11,0
khchan.12,0
khchan.13,0
khchan.14,0
khchan.15,0
khchan.16,0
khchan.17,0
khchan.18,0
khchan.19,0
khchan.20,0
khughe.1,0
khughe.2,0
khughe.3,0
khughe.4,0
khughe.5,0
khughe.6,0
khughe.7,0
khughe.8,0
khughe.9,0
khughe.10,0
khughe.11,0
khughe.12,0
khughe.13,0
khughe.14,0
khughe.15,0
khughe.16,0
khughe.17,0
khughe.18,0
khughe.19,0
khughe.20,0
kjwith.1,0
kjwith.2,0
kjwith.3,0
kjwith.4,0
kjwith.5,0
kjwith.6,0
kjwith.7,0
kjwith.8,0
kjwith.9,0
kjwith.10,0
kjwith.11,0
kjwith.12,0
kjwith.13,0
kjwith.14,0
kjwith.15,0
kjwith.16,0
kjwith.17,0
kjwith.18,0
kjwith.19,0
kjwith.20,0
lejnno.1,0
lejnno.2,0
lejnno.3,0
lejnno.4,0
lejnno.5,0
lejnno.6,0
lejnno.7,0
lejnno.8,0
lejnno.9,0
lejnno.10,0
lejnno.11,0
lejnno.12,0
lejnno.13,0
lejnno.14,0
lejnno.15,0
lejnno.16,0
lejnno.17,0
lejnno.18,0
lejnno.19,0
lejnno.20,0
lyond.1,0
lyond.2,0
lyond.3,0
lyond.4,0
lyond.5,0
lyond.6,0
lyond.7,0
lyond.8,0
lyond.9,0
lyond.10,0
lyond.11,0
lyond.12,0
lyond.13,0
lyond.14,0
lyond.15,0
lyond.16,0
lyond.17,0
lyond.18,0
lyond.19,0
lyond.20,0
maasht.1,0
maasht.2,0
maasht.3,0
maasht.4,0
maasht.5,0
maasht.6,0
maasht.7,0
maasht.8,0
maasht.9,0
maasht.10,0
maasht.11,0
maasht.12,0
maasht.13,0
maasht.14,0
maasht.15,0
maasht.16,0
maasht.17,0
maasht.18,0
maasht.19,0
maasht.20,0
macci.1,0
macci.2,0
macci.3,0
macci.4,0
macci.5,0
macci.6,0
macci.7,0
macci.8,0
macci.9,0
macci.10,0
macci.11,0
macci.12,0
macci.13,0
macci.14,0
macci.15,0
macci.16,0
macci.17,0
macci.18,0
macci.19,0
macci.20,0
martin.1,0
martin.2,0
martin.3,0
martin.4,0
martin.5,0
martin.6,0
martin.7,0
martin.8,0
martin.9,0
martin.10,0
martin.11,0
martin.12,0
martin.13,0
martin.14,0
martin.15,0
martin.16,0
martin.17,0
martin.18,0
martin.19,0
martin.20,0
mberdo.1,0
mberdo.2,0
mberdo.3,0
mberdo.4,0
mberdo.5,0
mberdo.6,0
mberdo.7,0
mberdo.8,0
mberdo.9,0
mberdo.10,0
mberdo.11,0
mberdo.12,0
mberdo.13,0
mberdo.14,0
mberdo.15,0
mberdo.16,0
mberdo.17,0
mberdo.18,0
mberdo.19,0
mberdo.20,0
mdpove.1,0
mdpove.2,0
mdpove.3,0
mdpove.4,0
mdpove.5,0
mdpove.6,0
mdpove.7,0
mdpove.8,0
mdpove.9,0
mdpove.10,0
mdpove.11,0
mdpove.12,0
mdpove.13,0
mdpove.14,0
mdpove.15,0
mdpove.16,0
mdpove.17,0
mdpove.18,0
mdpove.19,0
mdpove.20,0
mefait.1,0
mefait.2,0
mefait.3,0
mefait.4,0
mefait.5,0
mefait.6,0
mefait.7,0
mefait.8,0
mefait.9,0
mefait.10,0
mefait.11,0
mefait.12,0
mefait.13,0
mefait.14,0
mefait.15,0
mefait.16,0
mefait.17,0
mefait.18,0
mefait.19,0
mefait.20,0
mhwill.1,0
mhwill.2,0
mhwill.3,0
mhwill.4,0
mhwill.5,0
mhwill.6,0
mhwill.7,0
mhwill.8,0
mhwill.9,0
mhwill.10,0
mhwill.11,0
mhwill.12,0
mhwill.13,0
mhwill.14,0
mhwill.15,0
mhwill.16,0
mhwill.17,0
mhwill.18,0
mhwill.19,0
mhwill.20,0
miaduc.1,0
miaduc.2,0
miaduc.3,0
miaduc.4,0
miaduc.5,0
miaduc.6,0
miaduc.7,0
miaduc.8,0
miaduc.9,0
miaduc.10,0
miaduc.11,0
miaduc.12,0
miaduc.13,0
miaduc.14,0
miaduc.15,0
miaduc.16,0
miaduc.17,0
miaduc.18,0
miaduc.19,0
miaduc.20,0
michael.1,0
michael.2,0
michael.3,0
michael.4,0
michael.5,0
michael.6,0
michael.7,0
michael.8,0
michael.9,0
michael.10,0
michael.11,0
michael.12,0
michael.13,0
michael.14,0
michael.15,0
michael.16,0
michael.17,0
michael.18,0
michael.19,0
michael.20,0
mjhans.1,0
mjhans.2,0
mjhans.3,0
mjhans.4,0
mjhans.5,0
mjhans.6,0
mjhans.7,0
mjhans.8,0
mjhans.9,0
mjhans.10,0
mjhans.11,0
mjhans.12,0
mjhans.13,0
mjhans.14,0
mjhans.15,0
mjhans.16,0
mjhans.17,0
mjhans.18,0
mjhans.19,0
mjhans.20,0
moors.1,0
moors.2,0
moors.3,0
moors.4,0
moors.5,0
moors.6,0
moors.7,0
moors.8,0
moors.9,0
moors.10,0
moors.11,0
moors.12,0
moors.13,0
moors.14,0
moors.15,0
moors.16,0
moors.17,0
moors.18,0
moors.19,0
moors.20,0
mpetti.1,0
mpetti.2,0
mpetti.3,0
mpetti.4,0
mpetti.5,0
mpetti.6,0
mpetti.7,0
mpetti.8,0
mpetti.9,0
mpetti.10,0
mpetti.11,0
mpetti.12,0
mpetti.13,0
mpetti.14,0
mpetti.15,0
mpetti.16,0
mpetti.17,0
mpetti.18,0
mpetti.19,0
mpetti.20,0
muthay.1,0
muthay.2,0
muthay.3,0
muthay.4,0
muthay.5,0
muthay.6,0
muthay.7,0
muthay.8,0
muthay.9,0
muthay.10,0
muthay.11,0
muthay.12,0
muthay.13,0
muthay.14,0
muthay.15,0
muthay.16,0
muthay.17,0
muthay.18,0
muthay.19,0
muthay.20,0
nahaig.1,0
nahaig.2,0
nahaig.3,0
nahaig.4,0
nahaig.5,0
nahaig.6,0
nahaig.7,0
nahaig.8,0
nahaig.9,0
nahaig.10,0
nahaig.11,0
nahaig.12,0
nahaig.13,0
nahaig.14,0
nahaig.15,0
nahaig.16,0
nahaig.17,0
nahaig.18,0
nahaig.19,0
nahaig.20,0
namull.1,0
namull.2,0
namull.3,0
namull.4,0
namull.5,0
namull.6,0
namull.7,0
namull.8,0
namull.9,0
namull.10,0
namull.11,0
namull.12,0
namull.13,0
namull.14,0
namull.15,0
namull.16,0
namull.17,0
namull.18,0
namull.19,0
namull.20,0
ndbank.1,0
ndbank.2,0
ndbank.3,0
ndbank.4,0
ndbank.5,0
ndbank.6,0
ndbank.7,0
ndbank.8,0
ndbank.9,0
ndbank.10,0
ndbank.11,0
ndbank.12,0
ndbank.13,0
ndbank.14,0
ndbank.15,0
ndbank.16,0
ndbank.17,0
ndbank.18,0
ndbank.19,0
ndbank.20,0
ndhagu.1,0
ndhagu.2,0
ndhagu.3,0
ndhagu.4,0
ndhagu.5,0
ndhagu.6,0
ndhagu.7,0
ndhagu.8,0
ndhagu.9,0
ndhagu.10,0
ndhagu.11,0
ndhagu.12,0
ndhagu.13,0
ndhagu.14,0
ndhagu.15,0
ndhagu.16,0
ndhagu.17,0
ndhagu.18,0
ndhagu.19,0
ndhagu.20,0
nhrams.1,0
nhrams.2,0
nhrams.3,0
nhrams.4,0
nhrams.5,0
nhrams.6,0
nhrams.7,0
nhrams.8,0
nhrams.9,0
nhrams.10,0
nhrams.11,0
nhrams.12,0
nhrams.13,0
nhrams.14,0
nhrams.15,0
nhrams.16,0
nhrams.17,0
nhrams.18,0
nhrams.19,0
nhrams.20,0
njmoor.1,0
njmoor.2,0
njmoor.3,0
njmoor.4,0
njmoor.5,0
njmoor.6,0
njmoor.7,0
njmoor.8,0
njmoor.9,0
njmoor.10,0
njmoor.11,0
njmoor.12,0
njmoor.13,0
njmoor.14,0
njmoor.15,0
njmoor.16,0
njmoor.17,0
njmoor.18,0
njmoor.19,0
njmoor.20,0
npbour.1,0
npbour.2,0
npbour.3,0
npbour.4,0
npbour.5,0
npbour.6,0
npbour.7,0
npbour.8,0
npbour.9,0
npbour.10,0
npbour.11,0
npbour.12,0
npbour.13,0
npbour.14,0
npbour.15,0
npbour.16,0
npbour.17,0
npbour.18,0
npbour.19,0
npbour.20,0
npmitc.1,0
npmitc.2,0
npmitc.3,0
npmitc.4,0
npmitc.5,0
npmitc.6,0
npmitc.7,0
npmitc.8,0
npmitc.9,0
npmitc.10,0
npmitc.11,0
npmitc.12,0
npmitc.13,0
npmitc.14,0
npmitc.15,0
npmitc.16,0
npmitc.17,0
npmitc.18,0
npmitc.19,0
npmitc.20,0
nrclar.1,0
nrclar.2,0
nrclar.3,0
nrclar.4,0
nrclar.5,0
nrclar.6,0
nrclar.7,0
nrclar.8,0
nrclar.9,0
nrclar.10,0
nrclar.11,0
nrclar.12,0
nrclar.13,0
nrclar.14,0
nrclar.15,0
nrclar.16,0
nrclar.17,0
nrclar.18,0
nrclar.19,0
nrclar.20,0
nrrbar.1,0
nrrbar.2,0
nrrbar.3,0
nrrbar.4,0
nrrbar.5,0
nrrbar.6,0
nrrbar.7,0
nrrbar.8,0
nrrbar.9,0
nrrbar.10,0
nrrbar.11,0
nrrbar.12,0
nrrbar.13,0
nrrbar.14,0
nrrbar.15,0
nrrbar.16,0
nrrbar.17,0
nrrbar.18,0
nrrbar.19,0
nrrbar.20,0
nwilli.1,0
nwilli.2,0
nwilli.3,0
nwilli.4,0
nwilli.5,0
nwilli.6,0
nwilli.7,0
nwilli.8,0
nwilli.9,0
nwilli.10,0
nwilli.11,0
nwilli.12,0
nwilli.13,0
nwilli.14,0
nwilli.15,0
nwilli.16,0
nwilli.17,0
nwilli.18,0
nwilli.19,0
nwilli.20,0
obeidn.1,0
obeidn.2,0
obeidn.3,0
obeidn.4,0
obeidn.5,0
obeidn.6,0
obeidn.7,0
obeidn.8,0
obeidn.9,0
obeidn.10,0
obeidn.11,0
obeidn.12,0
obeidn.13,0
obeidn.14,0
obeidn.15,0
obeidn.16,0
obeidn.17,0
obeidn.18,0
obeidn.19,0
obeidn.20,0
ohpark.1,0
ohpark.2,0
ohpark.3,0
ohpark.4,0
ohpark.5,0
ohpark.6,0
ohpark.7,0
ohpark.8,0
ohpark.9,0
ohpark.10,0
ohpark.11,0
ohpark.12,0
ohpark.13,0
ohpark.14,0
ohpark.15,0
ohpark.16,0
ohpark.17,0
ohpark.18,0
ohpark.19,0
ohpark.20,0
pacole.1,0
pacole.2,0
pacole.3,0
pacole.4,0
pacole.5,0
pacole.6,0
pacole.7,0
pacole.8,0
pacole.9,0
pacole.10,0
pacole.11,0
pacole.12,0
pacole.13,0
pacole.14,0
pacole.15,0
pacole.16,0
pacole.17,0
pacole.18,0
pacole.19,0
pacole.20,0
pmives.1,0
pmives.2,0
pmives.3,0
pmives.4,0
pmives.5,0
pmives.6,0
pmives.7,0
pmives.8,0
pmives.9,0
pmives.10,0
pmives.11,0
pmives.12,0
pmives.13,0
pmives.14,0
pmives.15,0
pmives.16,0
pmives.17,0
pmives.18,0
pmives.19,0
pmives.20,0
pshurr.1,0
pshurr.2,0
pshurr.3,0
pshurr.4,0
pshurr.5,0
pshurr.6,0
pshurr.7,0
pshurr.8,0
pshurr.9,0
pshurr.10,0
pshurr.11,0
pshurr.12,0
pshurr.13,0
pshurr.14,0
pshurr.15,0
pshurr.16,0
pshurr.17,0
pshurr.18,0
pshurr.19,0
pshurr.20,0
pspliu.1,0
pspliu.2,0
pspliu.3,0
pspliu.4,0
pspliu.5,0
pspliu.6,0
pspliu.7,0
pspliu.8,0
pspliu.9,0
pspliu.10,0
pspliu.11,0
pspliu.12,0
pspliu.13,0
pspliu.14,0
pspliu.15,0
pspliu.16,0
pspliu.17,0
pspliu.18,0
pspliu.19,0
pspliu.20,0
ptnich.1,0
ptnich.2,0
ptnich.3,0
ptnich.4,0
ptnich.5,0
ptnich.6,0
ptnich.7,0
ptnich.8,0
ptnich.9,0
ptnich.10,0
ptnich.11,0
ptnich.12,0
ptnich.13,0
ptnich.14,0
ptnich.15,0
ptnich.16,0
ptnich.17,0
ptnich.18,0
ptnich.19,0
ptnich.20,0
rarobi.1,0
rarobi.2,0
rarobi.3,0
rarobi.4,0
rarobi.5,0
rarobi.6,0
rarobi.7,0
rarobi.8,0
rarobi.9,0
rarobi.10,0
rarobi.11,0
rarobi.12,0
rarobi.13,0
rarobi.14,0
rarobi.15,0
rarobi.16,0
rarobi.17,0
rarobi.18,0
rarobi.19,0
rarobi.20,0
rgharr.1,0
rgharr.2,0
rgharr.3,0
rgharr.4,0
rgharr.5,0
rgharr.6,0
rgharr.7,0
rgharr.8,0
rgharr.9,0
rgharr.10,0
rgharr.11,0
rgharr.12,0
rgharr.13,0
rgharr.14,0
rgharr.15,0
rgharr.16,0
rgharr.17,0
rgharr.18,0
rgharr.19,0
rgharr.20,0
rgspru.1,0
rgspru.2,0
rgspru.3,0
rgspru.4,0
rgspru.5,0
rgspru.6,0
rgspru.7,0
rgspru.8,0
rgspru.9,0
rgspru.10,0
rgspru.11,0
rgspru.12,0
rgspru.13,0
rgspru.14,0
rgspru.15,0
rgspru.16,0
rgspru.17,0
rgspru.18,0
rgspru.19,0
rgspru.20,0
rjlabr.1,0
rjlabr.2,0
rjlabr.3,0
rjlabr.4,0
rjlabr.5,0
rjlabr.6,0
rjlabr.7,0
rjlabr.8,0
rjlabr.9,0
rjlabr.10,0
rjlabr.11,0
rjlabr.12,0
rjlabr.13,0
rjlabr.14,0
rjlabr.15,0
rjlabr.16,0
rjlabr.17,0
rjlabr.18,0
rjlabr.19,0
rjlabr.20,0
rlocke.1,0
rlocke.2,0
rlocke.3,0
rlocke.4,0
rlocke.5,0
rlocke.6,0
rlocke.7,0
rlocke.8,0
rlocke.9,0
rlocke.10,0
rlocke.11,0
rlocke.12,0
rlocke.13,0
rlocke.14,0
rlocke.15,0
rlocke.16,0
rlocke.17,0
rlocke.18,0
rlocke.19,0
rlocke.20,0
rmcoll.1,0
rmcoll.2,0
rmcoll.3,0
rmcoll.4,0
rmcoll.5,0
rmcoll.6,0
rmcoll.7,0
rmcoll.8,0
rmcoll.9,0
rmcoll.10,0
rmcoll.11,0
rmcoll.12,0
rmcoll.13,0
rmcoll.14,0
rmcoll.15,0
rmcoll.16,0
rmcoll.17,0
rmcoll.18,0
rmcoll.19,0
rmcoll.20,0
rmpugh.1,0
rmpugh.2,0
rmpugh.3,0
rmpugh.4,0
rmpugh.5,0
rmpugh.6,0
rmpugh.7,0
rmpugh.8,0
rmpugh.9,0
rmpugh.10,0
rmpugh.11,0
rmpugh.12,0
rmpugh.13,0
rmpugh.14,0
rmpugh.15,0
rmpugh.16,0
rmpugh.17,0
rmpugh.18,0
rmpugh.19,0
rmpugh.20,0
rnpwil.1,0
rnpwil.2,0
rnpwil.3,0
rnpwil.4,0
rnpwil.5,0
rnpwil.6,0
rnpwil.7,0
rnpwil.8,0
rnpwil.9,0
rnpwil.10,0
rnpwil.11,0
rnpwil.12,0
rnpwil.13,0
rnpwil.14,0
rnpwil.15,0
rnpwil.16,0
rnpwil.17,0
rnpwil.18,0
rnpwil.19,0
rnpwil.20,0
robin.1,0
robin.2,0
robin.3,0
robin.4,0
robin.5,0
robin.6,0
robin.7,0
robin.8,0
robin.9,0
robin.10,0
robin.11,0
robin.12,0
robin.13,0
robin.14,0
robin.15,0
robin.16,0
robin.17,0
robin.18,0
robin.19,0
robin.20,0
rrowle.1,0
rrowle.2,0
rrowle.3,0
rrowle.4,0
rrowle.5,0
rrowle.6,0
rrowle.7,0
rrowle.8,0
rrowle.9,0
rrowle.10,0
rrowle.11,0
rrowle.12,0
rrowle.13,0
rrowle.14,0
rrowle.15,0
rrowle.16,0
rrowle.17,0
rrowle.18,0
rrowle.19,0
rrowle.20,0
rsanti.1,0
rsanti.2,0
rsanti.3,0
rsanti.4,0
rsanti.5,0
rsanti.6,0
rsanti.7,0
rsanti.8,0
rsanti.9,0
rsanti.10,0
rsanti.11,0
rsanti.12,0
rsanti.13,0
rsanti.14,0
rsanti.15,0
rsanti.16,0
rsanti.17,0
rsanti.18,0
rsanti.19,0
rsanti.20,0
saduah.1,0
saduah.2,0
saduah.3,0
saduah.4,0
saduah.5,0
saduah.6,0
saduah.7,0
saduah.8,0
saduah.9,0
saduah.10,0
saduah.11,0
saduah.12,0
saduah.13,0
saduah.14,0
saduah.15,0
saduah.16,0
saduah.17,0
saduah.18,0
saduah.19,0
saduah.20,0
saedwa.1,0
saedwa.2,0
saedwa.3,0
saedwa.4,0
saedwa.5,0
saedwa.6,0
saedwa.7,0
saedwa.8,0
saedwa.9,0
saedwa.10,0
saedwa.11,0
saedwa.12,0
saedwa.13,0
saedwa.14,0
saedwa.15,0
saedwa.16,0
saedwa.17,0
saedwa.18,0
saedwa.19,0
saedwa.20,0
sandm.1,0
sandm.2,0
sandm.3,0
sandm.4,0
sandm.5,0
sandm.6,0
sandm.7,0
sandm.8,0
sandm.9,0
sandm.10,0
sandm.11,0
sandm.12,0
sandm.13,0
sandm.14,0
sandm.15,0
sandm.16,0
sandm.17,0
sandm.18,0
sandm.19,0
sandm.20,0
sidick.1,0
sidick.2,0
sidick.3,0
sidick.4,0
sidick.5,0
sidick.6,0
sidick.7,0
sidick.8,0
sidick.9,0
sidick.10,0
sidick.11,0
sidick.12,0
sidick.13,0
sidick.14,0
sidick.15,0
sidick.16,0
sidick.17,0
sidick.18,0
sidick.19,0
sidick.20,0
sjbeck.1,0
sjbeck.2,0
sjbeck.3,0
sjbeck.4,0
sjbeck.5,0
sjbeck.6,0
sjbeck.7,0
sjbeck.8,0
sjbeck.9,0
sjbeck.10,0
sjbeck.11,0
sjbeck.12,0
sjbeck.13,0
sjbeck.14,0
sjbeck.15,0
sjbeck.16,0
sjbeck.17,0
sjbeck.18,0
sjbeck.19,0
sjbeck.20,0
skumar.1,0
skumar.2,0
skumar.3,0
skumar.4,0
skumar.5,0
skumar.6,0
skumar.7,0
skumar.8,0
skumar.9,0
skumar.10,0
skumar.11,0
skumar.12,0
skumar.13,0
skumar.14,0
skumar.15,0
skumar.16,0
skumar.17,0
skumar.18,0
skumar.19,0
skumar.20,0
smrobb.1,0
smrobb.2,0
smrobb.3,0
smrobb.4,0
smrobb.5,0
smrobb.6,0
smrobb.7,0
smrobb.8,0
smrobb.9,0
smrobb.10,0
smrobb.11,0
smrobb.12,0
smrobb.13,0
smrobb.14,0
smrobb.15,0
smrobb.16,0
smrobb.17,0
smrobb.18,0
smrobb.19,0
smrobb.20,0
spacl.1,0
spacl.2,0
spacl.3,0
spacl.4,0
spacl.5,0
spacl.6,0
spacl.7,0
spacl.8,0
spacl.9,0
spacl.10,0
spacl.11,0
spacl.12,0
spacl.13,0
spacl.14,0
spacl.15,0
spacl.16,0
spacl.17,0
spacl.18,0
spacl.19,0
spacl.20,0
spletc.1,0
spletc.2,0
spletc.3,0
spletc.4,0
spletc.5,0
spletc.6,0
spletc.7,0
spletc.8,0
spletc.9,0
spletc.10,0
spletc.11,0
spletc.12,0
spletc.13,0
spletc.14,0
spletc.15,0
spletc.16,0
spletc.17,0
spletc.18,0
spletc.19,0
spletc.20,0
svkriz.1,0
svkriz.2,0
svkriz.3,0
svkriz.4,0
svkriz.5,0
svkriz.6,0
svkriz.7,0
svkriz.8,0
svkriz.9,0
svkriz.10,0
svkriz.11,0
svkriz.12,0
svkriz.13,0
svkriz.14,0
svkriz.15,0
svkriz.16,0
svkriz.17,0
svkriz.18,0
svkriz.19,0
svkriz.20,0
swewin.1,0
swewin.2,0
swewin.3,0
swewin.4,0
swewin.5,0
swewin.6,0
swewin.7,0
swewin.8,0
swewin.9,0
swewin.10,0
swewin.11,0
swewin.12,0
swewin.13,0
swewin.14,0
swewin.15,0
swewin.16,0
swewin.17,0
swewin.18,0
swewin.19,0
swewin.20,0
swsmit.1,0
swsmit.2,0
swsmit.3,0
swsmit.4,0
swsmit.5,0
swsmit.6,0
swsmit.7,0
swsmit.8,0
swsmit.9,0
swsmit.10,0
swsmit.11,0
swsmit.12,0
swsmit.13,0
swsmit.14,0
swsmit.15,0
swsmit.16,0
swsmit.17,0
swsmit.18,0
swsmit.19,0
swsmit.20,0
tony.1,0
tony.2,0
tony.3,0
tony.4,0
tony.5,0
tony.6,0
tony.7,0
tony.8,0
tony.9,0
tony.10,0
tony.11,0
tony.12,0
tony.13,0
tony.14,0
tony.15,0
tony.16,0
tony.17,0
tony.18,0
tony.19,0
tony.20,0
voudcx.1,0
voudcx.2,0
voudcx.3,0
voudcx.4,0
voudcx.5,0
voudcx.6,0
voudcx.7,0
voudcx.8,0
voudcx.9,0
voudcx.10,0
voudcx.11,0
voudcx.12,0
voudcx.13,0
voudcx.14,0
voudcx.15,0
voudcx.16,0
voudcx.17,0
voudcx.18,0
voudcx.19,0
voudcx.20,0
vpsavo.1,0
vpsavo.2,0
vpsavo.3,0
vpsavo.4,0
vpsavo.5,0
vpsavo.6,0
vpsavo.7,0
vpsavo.8,0
vpsavo.9,0
vpsavo.10,0
vpsavo.11,0
vpsavo.12,0
vpsavo.13,0
vpsavo.14,0
vpsavo.15,0
vpsavo.16,0
vpsavo.17,0
vpsavo.18,0
vpsavo.19,0
vpsavo.20,0
whussa.1,0
whussa.2,0
whussa.3,0
whussa.4,0
whussa.5,0
whussa.6,0
whussa.7,0
whussa.8,0
whussa.9,0
whussa.10,0
whussa.11,0
whussa.12,0
whussa.13,0
whussa.14,0
whussa.15,0
whussa.16,0
whussa.17,0
whussa.18,0
whussa.19,0
whussa.20,0
wjalbe.1,0
wjalbe.2,0
wjalbe.3,0
wjalbe.4,0
wjalbe.5,0
wjalbe.6,0
wjalbe.7,0
wjalbe.8,0
wjalbe.9,0
wjalbe.10,0
wjalbe.11,0
wjalbe.12,0
wjalbe.13,0
wjalbe.14,0
wjalbe.15,0
wjalbe.16,0
wjalbe.17,0
wjalbe.18,0
wjalbe.19,0
wjalbe.20,0
